<?xml version="1.0" encoding="ISO-8859-1" ?>
<projects>
    <project>
        <name>RNA World</name>
        <id>5</id>
        <url>http://www.rnaworld.de/rnaworld/</url>
        <web_url>http://www.rnaworld.de/rnaworld/</web_url>
        <general_area>Biology and Medicine</general_area>
        <specific_area>Molecular biology</specific_area>
        <description><![CDATA[RNA World seeks to identify, analyze, structurally predict and design RNA molecules on the basis of established bioinformatics software.]]></description>
        <home>Rechenkraft.net e.V.</home>
    <platforms>
        <name>i686-apple-darwin</name>
        <name>i686-pc-linux-gnu</name>
        <name>windows_intelx86</name>
        <name>windows_x86_64</name>
        <name>windows_x86_64[vbox64]</name>
        <name>x86_64-apple-darwin[vbox64]</name>
        <name>x86_64-pc-linux-gnu</name>
        <name>x86_64-pc-linux-gnu[vbox64]</name>
    </platforms>
      <image>https://boinc.berkeley.edu/images/rna4.png</image>
      <summary>Study and design RNA molecules</summary>
        <keywords>9 12 20 21</keywords>
    </project>
    <project>
        <name>GPUGrid.net</name>
        <id>6</id>
        <url>http://www.gpugrid.net/</url>
        <web_url>http://www.gpugrid.net/</web_url>
        <general_area>Biology and Medicine</general_area>
        <specific_area>Molecular simulations of proteins</specific_area>
        <description><![CDATA[GPUGrid.net opens novel computational scenarios by the first full-atom molecular dynamics code (CellMD) specially optimized to run on NVIDIA GPUs. New biomedical applications suddenly become possible giving a new role to computational biology for biomedical research.]]></description>
        <home>Barcelona Biomedical Research Park (PRBB)</home>
    <platforms>
        <name>windows_intelx86[cuda60]</name>
        <name>windows_intelx86[cuda65]</name>
        <name>windows_intelx86[cuda80]</name>
        <name>windows_intelx86[mt]</name>
        <name>windows_intelx86_64[cuda80]</name>
        <name>x86_64-pc-linux-gnu[cuda60]</name>
        <name>x86_64-pc-linux-gnu[cuda65]</name>
        <name>x86_64-pc-linux-gnu[cuda80]</name>
        <name>x86_64-pc-linux-gnu[cuda85]</name>
        <name>x86_64-pc-linux-gnu[mt]</name>
    </platforms>
      <image>https://boinc.berkeley.edu/images/gpugrid.png</image>
      <summary>Help biomedical research</summary>
        <keywords>9 20 30 47</keywords>
    </project>
    <project>
        <name>Rosetta@home</name>
        <id>7</id>
        <url>http://boinc.bakerlab.org/rosetta/</url>
        <web_url>http://boinc.bakerlab.org/rosetta/</web_url>
        <general_area>Biology and Medicine</general_area>
        <specific_area>Biology</specific_area>
        <description><![CDATA[Determine the 3-dimensional shapes of proteins in research that may ultimately lead to finding cures for some major human diseases. By running Rosetta@home you will help us speed up and extend our research in ways we couldn't possibly attempt without your help. You will also be helping our efforts at designing new proteins to fight diseases such as HIV, malaria, cancer, and Alzheimer's]]></description>
        <home>University of Washington</home>
    <platforms>
        <name>aarch64-unknown-linux-gnu</name>
        <name>arm-android-linux-gnu</name>
        <name>i686-pc-linux-gnu</name>
        <name>windows_intelx86</name>
        <name>windows_x86_64</name>
        <name>x86_64-apple-darwin</name>
        <name>x86_64-pc-linux-gnu</name>
    </platforms>
      <image>https://boinc.berkeley.edu/images/rosetta_at_home_logo.jpg</image>
      <summary>Study diseases such as HIV, malaria, cancer, and Alzheimer's</summary>
        <keywords>9 13 11 23 24 28</keywords>
    </project>
    <project>
        <name>Asteroids@home</name>
        <id>11</id>
        <url>http://asteroidsathome.net/boinc/</url>
        <web_url>http://asteroidsathome.net/boinc/</web_url>
        <general_area>Physical Science</general_area>
        <specific_area>Astrophysics</specific_area>
        <description><![CDATA[The aim of the project is to derive shapes and spin for a significant part of the asteroid population. As input data, we use any asteroid photometry that is available. The results are asteroid convex shape models with the direction of the spin axis and the rotation period.]]></description>
        <home>Charles University in Prague</home>
    <platforms>
        <name>arm-android-linux-gnu[arm_android_non_pie]</name>
        <name>arm-android-linux-gnu[arm_android_pie]</name>
        <name>arm-unknown-linux-gnueabihf</name>
        <name>armv6l-unknown-linux-gnueabihf</name>
        <name>i686-apple-darwin[sse3]</name>
        <name>i686-apple-darwin[sse3_osx]</name>
        <name>i686-pc-freebsd</name>
        <name>i686-pc-linux-gnu</name>
        <name>i686-pc-linux-gnu[avx]</name>
        <name>i686-pc-linux-gnu[sse2]</name>
        <name>i686-pc-linux-gnu[sse3]</name>
        <name>windows_intelx86</name>
        <name>windows_intelx86[avx_win10]</name>
        <name>windows_intelx86[avx_win7]</name>
        <name>windows_intelx86[avx_winxp]</name>
        <name>windows_intelx86[cuda55]</name>
        <name>windows_intelx86[sse2_win10]</name>
        <name>windows_intelx86[sse2_win7]</name>
        <name>windows_intelx86[sse2_winxp]</name>
        <name>windows_intelx86[sse3_win10]</name>
        <name>windows_intelx86[sse3_win7]</name>
        <name>windows_intelx86[sse3_winxp]</name>
        <name>windows_x86_64[avx_win10]</name>
        <name>windows_x86_64[avx_win7]</name>
        <name>windows_x86_64[avx_winxp]</name>
        <name>windows_x86_64[cuda102_win10]</name>
        <name>windows_x86_64[cuda102_win7]</name>
        <name>windows_x86_64[cuda55]</name>
        <name>windows_x86_64[sse2_win10]</name>
        <name>windows_x86_64[sse2_win7]</name>
        <name>windows_x86_64[sse2_winxp]</name>
        <name>windows_x86_64[sse3_win10]</name>
        <name>windows_x86_64[sse3_win7]</name>
        <name>windows_x86_64[sse3_winxp]</name>
        <name>x86_64-apple-darwin[sse3]</name>
        <name>x86_64-apple-darwin[sse3_osx]</name>
        <name>x86_64-pc-freebsd</name>
        <name>x86_64-pc-linux-gnu[avx_linux]</name>
        <name>x86_64-pc-linux-gnu[cuda55]</name>
        <name>x86_64-pc-linux-gnu[sse2]</name>
        <name>x86_64-pc-linux-gnu[sse3]</name>
    </platforms>
      <image>https://boinc.berkeley.edu/images/asteroids_logo.jpg</image>
      <summary>Study the properties of asteroids</summary>
        <keywords>1 20 36 37</keywords>
    </project>
    <project>
        <name>Cosmology@Home</name>
        <id>12</id>
        <url>http://www.cosmologyathome.org/</url>
        <web_url>http://www.cosmologyathome.org/</web_url>
        <general_area>Physical Science</general_area>
        <specific_area>Astronomy</specific_area>
        <description><![CDATA[The goal of Cosmology@Home is to search for the model that best describes our Universe and to find the range of models that agree with the available astronomical particle physics data.]]></description>
        <home>University of Illinois at Urbana-Champaign</home>
    <platforms>
        <name>i686-pc-linux-gnu</name>
        <name>windows_intelx86</name>
        <name>windows_x86_64[vbox64_mt]</name>
        <name>x86_64-apple-darwin[vbox64_mt]</name>
        <name>x86_64-pc-linux-gnu</name>
        <name>x86_64-pc-linux-gnu[vbox64_mt]</name>
    </platforms>
      <image>https://boinc.berkeley.edu/images/cosmo.jpg</image>
      <summary>Study the evolution of the Universe</summary>
        <keywords>1 5 23 24 56</keywords>
    </project>
    <project>
        <name>Universe@Home</name>
        <id>13</id>
        <url>https://universeathome.pl/universe/</url>
        <web_url>https://universeathome.pl/universe/</web_url>
        <general_area>Physical Science</general_area>
        <specific_area>Astronomy</specific_area>
        <description><![CDATA[Universe@Home aims to create the first database of the simulated stellar content of the Universe, from the earliest stars to the most exotic black hole binaries.]]></description>
        <home>University of Warsaw</home>
    <platforms>
        <name>aarch64-unknown-linux-gnu</name>
        <name>arm-android-linux-gnu[android_arm_pie]</name>
        <name>arm-unknown-linux-gnueabihf</name>
        <name>armv7l-unknown-linux-gnueabihf</name>
        <name>windows_x86_64</name>
        <name>x86_64-pc-linux-gnu</name>
    </platforms>
      <image>https://boinc.berkeley.edu/images/universe_at_home.png</image>
      <summary>Do research in physics and astronomy</summary>
        <keywords>1 20 43 57</keywords>
    </project>
    <project>
        <name>Milkyway@home</name>
        <id>14</id>
        <url>http://milkyway.cs.rpi.edu/milkyway/</url>
        <web_url>http://milkyway.cs.rpi.edu/milkyway/</web_url>
        <general_area>Physical Science</general_area>
        <specific_area>Astronomy</specific_area>
        <description><![CDATA[The goal of Milkyway@Home is to create a highly accurate three dimensional model of the Milky Way galaxy using data gathered by the Sloan Digital Sky Survey.]]></description>
        <home>Rensselaer Polytechnic Institute</home>
    <platforms>
        <name>i686-pc-linux-gnu</name>
        <name>i686-pc-linux-gnu[opencl_ati_101]</name>
        <name>i686-pc-linux-gnu[opencl_nvidia_101]</name>
        <name>windows_intelx86</name>
        <name>windows_intelx86[opencl_ati_101]</name>
        <name>windows_intelx86[opencl_nvidia_101]</name>
        <name>windows_x86_64</name>
        <name>windows_x86_64[mt]</name>
        <name>windows_x86_64[opencl_ati_101]</name>
        <name>windows_x86_64[opencl_nvidia_101]</name>
        <name>x86_64-apple-darwin</name>
        <name>x86_64-apple-darwin[opencl_ati_101]</name>
        <name>x86_64-apple-darwin[opencl_nvidia_101]</name>
        <name>x86_64-pc-linux-gnu</name>
        <name>x86_64-pc-linux-gnu[mt]</name>
        <name>x86_64-pc-linux-gnu[opencl_ati_101]</name>
        <name>x86_64-pc-linux-gnu[opencl_nvidia_101]</name>
    </platforms>
      <image>https://boinc.berkeley.edu/images/mw.png</image>
      <summary>Study the structure of the Milky Way galaxy</summary>
        <keywords>1 23 24 58</keywords>
    </project>
    <project>
        <name>Einstein@home</name>
        <id>16</id>
        <url>http://einstein.phys.uwm.edu/</url>
        <web_url>https://einsteinathome.org/</web_url>
        <general_area>Physical Science</general_area>
        <specific_area>Astrophysics</specific_area>
        <description><![CDATA[Einstein@Home uses your computer's idle time to search for weak astrophysical signals from spinning neutron stars (often called pulsars) using data from the LIGO gravitational-wave detectors, the Arecibo radio telescope, and the Fermi gamma-ray satellite.]]></description>
        <home>University of Wisconsin - Milwaukee (USA), Max Planck Institute for Gravitational Physics - Hanover (Germany)</home>
    <platforms>
        <name>arm-android-linux-gnu[ASIMDPIE]</name>
        <name>arm-android-linux-gnu[NEON]</name>
        <name>arm-android-linux-gnu[NEONPIE]</name>
        <name>arm-android-linux-gnu[VFP]</name>
        <name>arm-unknown-linux-gnueabihf</name>
        <name>arm-unknown-linux-gnueabihf[NEON]</name>
        <name>i686-pc-linux-gnu[FGRPSSE]</name>
        <name>powerpc-apple-darwin[ALTIVEC]</name>
        <name>windows_intelx86[FGRPSSE]</name>
        <name>windows_intelx86[opencl-intel_gpu]</name>
        <name>windows_x86_64[BRP4-opencl-intel_gpu-nd]</name>
        <name>windows_x86_64[FGRPopencl-ati]</name>
        <name>windows_x86_64[FGRPopencl-intel_gpu]</name>
        <name>windows_x86_64[FGRPopencl-nvidia]</name>
        <name>windows_x86_64[FGRPopencl1K-ati]</name>
        <name>windows_x86_64[FGRPopencl1K-nvidia]</name>
        <name>windows_x86_64[FGRPopenclTV-nvidia]</name>
        <name>windows_x86_64[GW-opencl-ati]</name>
        <name>windows_x86_64[GW-opencl-nvidia]</name>
        <name>windows_x86_64[GWnew]</name>
        <name>windows_x86_64[GWold]</name>
        <name>windows_x86_64[opencl-intel_gpu]</name>
        <name>windows_x86_64[opencl-intel_gpu-Beta]</name>
        <name>windows_x86_64[opencl-intel_gpu-new]</name>
        <name>x86_64-apple-darwin[FGRPopencl-ati-mav]</name>
        <name>x86_64-apple-darwin[FGRPopencl-nvidia-mav]</name>
        <name>x86_64-apple-darwin[FGRPSSE]</name>
        <name>x86_64-apple-darwin[GW-opencl-ati]</name>
        <name>x86_64-apple-darwin[GW-opencl-nvidia]</name>
        <name>x86_64-apple-darwin[Lion]</name>
        <name>x86_64-pc-linux-gnu[FGRPopencl-ati]</name>
        <name>x86_64-pc-linux-gnu[FGRPopencl-nvidia]</name>
        <name>x86_64-pc-linux-gnu[FGRPopencl1K-ati]</name>
        <name>x86_64-pc-linux-gnu[FGRPopencl1K-nvidia]</name>
        <name>x86_64-pc-linux-gnu[FGRPopenclTV-nvidia]</name>
        <name>x86_64-pc-linux-gnu[FGRPSSE]</name>
        <name>x86_64-pc-linux-gnu[GW-opencl-ati]</name>
        <name>x86_64-pc-linux-gnu[GW-opencl-ati-Beta]</name>
        <name>x86_64-pc-linux-gnu[GW-opencl-nvidia]</name>
        <name>x86_64-pc-linux-gnu[GWnew]</name>
        <name>x86_64-pc-linux-gnu[GWold]</name>
    </platforms>
      <image>https://boinc.berkeley.edu/images/einstein.jpg</image>
      <summary>Help detect pulsars and gravitational waves</summary>
        <keywords>1 4 3 59 26</keywords>
    </project>
    <project>
        <name>LHC@home</name>
        <id>17</id>
        <url>https://lhcathome.cern.ch/lhcathome/</url>
        <web_url>https://lhcathome.cern.ch/lhcathome/</web_url>
        <general_area>Physical Science</general_area>
        <specific_area>Physics</specific_area>
        <description><![CDATA[The Large Hadron Collider (LHC) is a particle accelerator at CERN, the European Organization for Nuclear Research, the world's largest particle physics laboratory.  It is the most powerful instrument ever built to investigate on particles proprieties. LHC@home runs simulations to improve the design of LHC and its detectors.]]></description>
        <home>CERN (European Organization for Nuclear Research)</home>
    <platforms>
        <name>aarch64-android-linux-gnu</name>
        <name>aarch64-android-linux-gnu[android]</name>
        <name>aarch64-unknown-linux-gnu</name>
        <name>i686-pc-linux-gnu[sse2]</name>
        <name>windows_intelx86</name>
        <name>windows_intelx86[avx]</name>
        <name>windows_intelx86[sse2]</name>
        <name>windows_x86_64[avx]</name>
        <name>windows_x86_64[sse2]</name>
        <name>windows_x86_64[vbox64]</name>
        <name>windows_x86_64[vbox64_mt_mcore_atlas]</name>
        <name>windows_x86_64[vbox64_theory]</name>
        <name>x86_64-apple-darwin[avx]</name>
        <name>x86_64-apple-darwin[sse2]</name>
        <name>x86_64-apple-darwin[vbox64]</name>
        <name>x86_64-apple-darwin[vbox64_mt_mcore_atlas]</name>
        <name>x86_64-apple-darwin[vbox64_theory]</name>
        <name>x86_64-pc-freebsd[avx]</name>
        <name>x86_64-pc-freebsd[sse2]</name>
        <name>x86_64-pc-linux-gnu[avx]</name>
        <name>x86_64-pc-linux-gnu[native_mt]</name>
        <name>x86_64-pc-linux-gnu[native_theory]</name>
        <name>x86_64-pc-linux-gnu[sse2]</name>
        <name>x86_64-pc-linux-gnu[vbox64]</name>
        <name>x86_64-pc-linux-gnu[vbox64_mt_mcore_atlas]</name>
        <name>x86_64-pc-linux-gnu[vbox64_theory]</name>
    </platforms>
      <image>https://boinc.berkeley.edu/images/lhc.jpg</image>
      <summary>Improve the design of the Large Hadron Collider</summary>
        <keywords>6 7 59 27</keywords>
    </project>
    <project>
        <name>SETI@home</name>
        <id>18</id>
        <url>http://setiathome.berkeley.edu/</url>
        <web_url>http://setiathome.berkeley.edu/</web_url>
        <general_area>Physical Science</general_area>
        <specific_area>Astrophysics, astrobiology</specific_area>
        <description><![CDATA[SETI (Search for Extraterrestrial Intelligence) is a scientific area whose goal is to detect intelligent life outside Earth. One approach, known as radio SETI, uses radio telescopes to listen for narrow-bandwidth radio signals from space. Such signals are not known to occur naturally, so a detection would provide evidence of extraterrestrial technology.]]></description>
        <home>University of California, Berkeley</home>
    <platforms>
        <name>aarch64-android-linux-gnu</name>
        <name>aarch64-android-linux-gnu[arm64-neon]</name>
        <name>aarch64-android-linux-gnu[arm64-vfpv4]</name>
        <name>aarch64-unknown-linux-gnu</name>
        <name>arm-android-linux-gnu[armv6-neon]</name>
        <name>arm-android-linux-gnu[armv6-neon-nopie]</name>
        <name>arm-android-linux-gnu[armv6-vfp]</name>
        <name>arm-android-linux-gnu[armv6-vfp-nopie]</name>
        <name>arm-android-linux-gnu[armv7-neon]</name>
        <name>arm-android-linux-gnu[armv7-neon-nopie]</name>
        <name>arm-android-linux-gnu[armv7-vfpv3]</name>
        <name>arm-android-linux-gnu[armv7-vfpv3-nopie]</name>
        <name>arm-android-linux-gnu[armv7-vfpv3d16]</name>
        <name>arm-android-linux-gnu[armv7-vfpv3d16-nopie]</name>
        <name>arm-android-linux-gnu[armv7-vfpv4]</name>
        <name>arm-android-linux-gnu[armv7-vfpv4-nopie]</name>
        <name>arm-unknown-linux-gnueabihf</name>
        <name>i686-apple-darwin[mac_intel32]</name>
        <name>i686-apple-darwin[osx_12]</name>
        <name>i686-pc-linux-gnu</name>
        <name>i686-pc-linux-gnu[sse]</name>
        <name>i686-pc-linux-gnu[sse2]</name>
        <name>powerpc-apple-darwin</name>
        <name>windows_intelx86</name>
        <name>windows_intelx86[cuda23]</name>
        <name>windows_intelx86[cuda32]</name>
        <name>windows_intelx86[cuda42]</name>
        <name>windows_intelx86[cuda50]</name>
        <name>windows_intelx86[cuda_opencl_100]</name>
        <name>windows_intelx86[cuda_opencl_cc1]</name>
        <name>windows_intelx86[opencl_ati5_cat132]</name>
        <name>windows_intelx86[opencl_ati5_nocal]</name>
        <name>windows_intelx86[opencl_ati5_sah]</name>
        <name>windows_intelx86[opencl_ati5_SoG]</name>
        <name>windows_intelx86[opencl_ati5_SoG_cat132]</name>
        <name>windows_intelx86[opencl_ati5_SoG_nocal]</name>
        <name>windows_intelx86[opencl_ati_100]</name>
        <name>windows_intelx86[opencl_ati_cat132]</name>
        <name>windows_intelx86[opencl_ati_nocal]</name>
        <name>windows_intelx86[opencl_ati_sah]</name>
        <name>windows_intelx86[opencl_intel_gpu_102]</name>
        <name>windows_intelx86[opencl_intel_gpu_sah]</name>
        <name>windows_intelx86[opencl_nvidia_100]</name>
        <name>windows_intelx86[opencl_nvidia_cc1]</name>
        <name>windows_intelx86[opencl_nvidia_SoG]</name>
        <name>windows_intelx86[sse]</name>
        <name>windows_x86_64</name>
        <name>windows_x86_64[alt]</name>
        <name>windows_x86_64[sse2]</name>
        <name>x86-android-linux-gnu[nopie]</name>
        <name>x86-android-linux-gnu[pie]</name>
        <name>x86_64-apple-darwin</name>
        <name>x86_64-apple-darwin[cuda42_mac]</name>
        <name>x86_64-apple-darwin[cuda75_mac]</name>
        <name>x86_64-apple-darwin[opencl_ati5_mac]</name>
        <name>x86_64-apple-darwin[opencl_ati5_SoG_mac]</name>
        <name>x86_64-apple-darwin[opencl_ati_mac]</name>
        <name>x86_64-apple-darwin[opencl_intel_gpu_mac]</name>
        <name>x86_64-apple-darwin[opencl_intel_gpu_sah]</name>
        <name>x86_64-apple-darwin[opencl_nvidia_mac_old]</name>
        <name>x86_64-apple-darwin[osx_12]</name>
        <name>x86_64-apple-darwin[sse3]</name>
        <name>x86_64-pc-linux-gnu</name>
        <name>x86_64-pc-linux-gnu[cuda60]</name>
        <name>x86_64-pc-linux-gnu[cuda_opencl_100]</name>
        <name>x86_64-pc-linux-gnu[cuda_opencl_cc1]</name>
        <name>x86_64-pc-linux-gnu[opencl_ati5_cat132]</name>
        <name>x86_64-pc-linux-gnu[opencl_ati5_nocal]</name>
        <name>x86_64-pc-linux-gnu[opencl_ati5_sah]</name>
        <name>x86_64-pc-linux-gnu[opencl_ati5_SoG]</name>
        <name>x86_64-pc-linux-gnu[opencl_ati5_SoG_cat132]</name>
        <name>x86_64-pc-linux-gnu[opencl_ati5_SoG_nocal]</name>
        <name>x86_64-pc-linux-gnu[opencl_atiapu_sah]</name>
        <name>x86_64-pc-linux-gnu[opencl_ati_100]</name>
        <name>x86_64-pc-linux-gnu[opencl_ati_cat132]</name>
        <name>x86_64-pc-linux-gnu[opencl_ati_nocal]</name>
        <name>x86_64-pc-linux-gnu[opencl_ati_sah]</name>
        <name>x86_64-pc-linux-gnu[opencl_intel_gpu_sah]</name>
        <name>x86_64-pc-linux-gnu[opencl_nvidia_100]</name>
        <name>x86_64-pc-linux-gnu[opencl_nvidia_cc1]</name>
        <name>x86_64-pc-linux-gnu[opencl_nvidia_sah]</name>
        <name>x86_64-pc-linux-gnu[opencl_nvidia_SoG]</name>
        <name>x86_64-pc-linux-gnu[sse2]</name>
    </platforms>
      <image>https://boinc.berkeley.edu/images/seti_logo.png</image>
      <summary>Search for evidence of extra-terrestrial life</summary>
        <keywords>1 2 23 24 25</keywords>
    </project>
    <project>
        <name>nanoHUB@Home</name>
        <id>43</id>
        <url>https://boinc.nanohub.org/nanoHUB_at_home/</url>
        <web_url>https://boinc.nanohub.org/nanoHUB_at_home/</web_url>
        <general_area>Physical Science</general_area>
        <specific_area>Nanoscience</specific_area>
        <description><![CDATA[nanoHUB@Home provides computing power to users of the nanoHUB portal for nanoscience.]]></description>
        <home>Purdue University</home>
    <platforms>
        <name>windows_x86_64[vbox64_mt]</name>
        <name>x86_64-apple-darwin[vbox64_mt]</name>
        <name>x86_64-pc-linux-gnu[vbox64_mt]</name>
    </platforms>
        <keywords>23 24 8</keywords>
    </project>
    <project>
        <name>Amicable Numbers</name>
        <id>23</id>
        <url>https://sech.me/boinc/Amicable/</url>
        <web_url>https://sech.me/boinc/Amicable/</web_url>
        <general_area>Mathematics, computing, and games</general_area>
        <specific_area>Mathematics</specific_area>
        <description><![CDATA['Amicable numbers' are pairs where the sum of the proper divisors of each is equal to the other number. The goal of this project is to collect all amicable numbers up to a very large limit.]]></description>
        <home>Independent</home>
    <platforms>
        <name>aarch64-unknown-linux-gnu[mt]</name>
        <name>windows_x86_64[mt]</name>
        <name>windows_x86_64[opencl_amd]</name>
        <name>windows_x86_64[opencl_nvidia]</name>
        <name>x86_64-apple-darwin[mt]</name>
        <name>x86_64-apple-darwin[opencl_amd]</name>
        <name>x86_64-apple-darwin[opencl_nvidia]</name>
        <name>x86_64-pc-linux-gnu[mt]</name>
        <name>x86_64-pc-linux-gnu[opencl_amd]</name>
        <name>x86_64-pc-linux-gnu[opencl_nvidia]</name>
    </platforms>
      <summary>Do research in number theory</summary>
        <keywords>15 32 20</keywords>
    </project>
    <project>
        <name>NumberFields@home</name>
        <id>24</id>
        <url>https://numberfields.asu.edu/NumberFields/</url>
        <web_url>https://numberfields.asu.edu/NumberFields/</web_url>
        <general_area>Mathematics, computing, and games</general_area>
        <specific_area>Mathematics</specific_area>
        <description><![CDATA[NumberFields@home searches for fields with special properties. The primary application of this research is in the realm of algebraic number theory. Number theorists can mine the data for interesting patterns to help them formulate conjectures about number fields. Ultimately, this research will lead to a deeper understanding of the profound properties of numbers, the basic building blocks of all mathematics.]]></description>
        <home>Arizona State University, school of Mathematics</home>
    <platforms>
        <name>i686-pc-linux-gnu[default]</name>
        <name>windows_intelx86[default]</name>
        <name>windows_x86_64[default]</name>
        <name>windows_x86_64[opencl_amd]</name>
        <name>windows_x86_64[opencl_nvidia]</name>
        <name>x86_64-apple-darwin[default]</name>
        <name>x86_64-pc-linux-gnu[cuda30]</name>
        <name>x86_64-pc-linux-gnu[default]</name>
        <name>x86_64-pc-linux-gnu[opencl_amd]</name>
    </platforms>
      <image>https://boinc.berkeley.edu/images/nf_banner_10.jpg</image>
      <summary>Do research in algebraic number theory</summary>
        <keywords>15 23 24 55</keywords>
    </project>
    <project>
        <name>ODLK</name>
        <id>38</id>
        <url>https://boinc.progger.info/odlk/</url>
        <web_url>https://boinc.progger.info/odlk/</web_url>
        <general_area>Mathematics, computing, and games</general_area>
        <specific_area>Mathematics</specific_area>
        <description><![CDATA[OLDK is building a database of canonical forms of diagonal Latin squares of the 10th order]]></description>
        <home>Independent</home>
    <platforms>
        <name>i686-pc-freebsd</name>
        <name>i686-pc-linux-gnu</name>
        <name>windows_intelx86</name>
        <name>windows_x86_64</name>
        <name>x86_64-pc-freebsd</name>
        <name>x86_64-pc-linux-gnu</name>
    </platforms>
      <summary>Discover Latin Squares</summary>
        <keywords>15 20 44 46</keywords>
    </project>
    <project>
        <name>ODLK1</name>
        <id>39</id>
        <url>http://boinc.multi-pool.info/latinsquares/</url>
        <web_url>http://boinc.multi-pool.info/latinsquares/</web_url>
        <general_area>Mathematics, computing, and games</general_area>
        <specific_area>Mathematics</specific_area>
        <description><![CDATA[OLDK is building a database of canonical forms of diagonal Latin squares of the 10th order]]></description>
        <home>Independent</home>
    <platforms>
        <name>i686-pc-freebsd</name>
        <name>i686-pc-linux-gnu</name>
        <name>windows_intelx86</name>
        <name>windows_x86_64</name>
        <name>x86_64-pc-freebsd</name>
        <name>x86_64-pc-linux-gnu</name>
    </platforms>
      <summary>Discover Latin Squares</summary>
        <keywords>15 20 44 46</keywords>
    </project>
    <project>
        <name>Moo! Wrapper</name>
        <id>26</id>
        <url>http://moowrap.net/</url>
        <web_url>http://moowrap.net/</web_url>
        <general_area>Mathematics, computing, and games</general_area>
        <specific_area>Cryptography and combinatorics</specific_area>
        <description><![CDATA[Run applications from distributed.net]]></description>
        <home>Independent</home>
    <platforms>
        <name>arm-android-linux-gnu[arm_android_non_pie]</name>
        <name>arm-android-linux-gnu[arm_android_pie]</name>
        <name>i686-apple-darwin</name>
        <name>i686-apple-darwin[cuda31]</name>
        <name>i686-pc-linux-gnu</name>
        <name>i686-pc-linux-gnu[ati14]</name>
        <name>powerpc-apple-darwin</name>
        <name>windows_intelx86</name>
        <name>windows_intelx86[ati14]</name>
        <name>windows_intelx86[ati14_app13]</name>
        <name>windows_intelx86[cuda31]</name>
        <name>windows_intelx86[opencl_ati_101]</name>
        <name>windows_intelx86[opencl_nvidia_101]</name>
        <name>windows_x86_64</name>
        <name>x86_64-apple-darwin</name>
        <name>x86_64-pc-linux-gnu</name>
        <name>x86_64-pc-linux-gnu[ati14]</name>
        <name>x86_64-pc-linux-gnu[cuda31]</name>
        <name>x86_64-pc-linux-gnu[cuda60]</name>
        <name>x86_64-pc-linux-gnu[cuda70]</name>
        <name>x86_64-pc-linux-gnu[opencl_ati_101]</name>
        <name>x86_64-pc-linux-gnu[opencl_nvidia_101]</name>
    </platforms>
      <summary>Run applications from distributed.net</summary>
        <keywords>15</keywords>
    </project>
    <project>
        <name>Collatz Conjecture</name>
        <id>28</id>
        <url>https://boinc.thesonntags.com/collatz/</url>
        <web_url>https://boinc.thesonntags.com/collatz/</web_url>
        <general_area>Mathematics, computing, and games</general_area>
        <specific_area>Mathematics</specific_area>
        <description><![CDATA[Study the Collatz Conjecture, an unsolved conjecture in mathematics]]></description>
        <home>Independent</home>
    <platforms>
        <name>i686-pc-linux-gnu</name>
        <name>i686-pc-linux-gnu[ati_opencl]</name>
        <name>i686-pc-linux-gnu[intel_opencl]</name>
        <name>i686-pc-linux-gnu[nvidia_opencl]</name>
        <name>i686-pc-linux-gnu[opencl_ati_gpu]</name>
        <name>windows_intelx86</name>
        <name>windows_intelx86[opencl_ati_gpu]</name>
        <name>windows_intelx86[opencl_intel_gpu]</name>
        <name>windows_intelx86[opencl_nvidia_gpu]</name>
        <name>windows_intelx86[SSE]</name>
        <name>windows_x86_64</name>
        <name>windows_x86_64[opencl_ati_gpu]</name>
        <name>windows_x86_64[opencl_intel_gpu]</name>
        <name>windows_x86_64[opencl_nvidia_gpu]</name>
        <name>x86_64-apple-darwin</name>
        <name>x86_64-apple-darwin[ati_opencl]</name>
        <name>x86_64-apple-darwin[intel_opencl]</name>
        <name>x86_64-apple-darwin[nvidia_opencl]</name>
        <name>x86_64-apple-darwin[opencl_ati]</name>
        <name>x86_64-apple-darwin[opencl_intel]</name>
        <name>x86_64-apple-darwin[opencl_nvidia]</name>
        <name>x86_64-pc-linux-gnu</name>
        <name>x86_64-pc-linux-gnu[opencl_ati]</name>
        <name>x86_64-pc-linux-gnu[opencl_ati_gpu]</name>
        <name>x86_64-pc-linux-gnu[opencl_intel]</name>
        <name>x86_64-pc-linux-gnu[opencl_nvidia]</name>
    </platforms>
      <summary>Study the Collatz Conjecture</summary>
        <keywords>15 32 20</keywords>
    </project>
    <project>
        <name>NFS@home</name>
        <id>29</id>
        <url>https://escatter11.fullerton.edu/nfs/</url>
        <web_url>https://escatter11.fullerton.edu/nfs/</web_url>
        <general_area>Mathematics, computing, and games</general_area>
        <specific_area>Factorization of large integers</specific_area>
        <description><![CDATA[NFS@Home is a research project that uses Internet-connected computers to do the lattice sieving step in the Number Field Sieve factorization of large integers. As a young school student, you gained your first experience at breaking an integer into prime factors, such as 15 = 3 * 5 or 35 = 5 * 7. NFS@Home is a continuation of that experience, only with integers that are hundreds of digits long.]]></description>
        <home>California State University Fullerton</home>
    <platforms>
        <name>i686-apple-darwin</name>
        <name>i686-pc-linux-gnu</name>
        <name>windows_intelx86</name>
        <name>windows_x86_64</name>
        <name>windows_x86_64[notphenomiix6]</name>
        <name>x86_64-apple-darwin</name>
        <name>x86_64-pc-freebsd</name>
        <name>x86_64-pc-linux-gnu</name>
    </platforms>
      <image>https://boinc.berkeley.edu/images/NFS_Logo.jpg</image>
      <summary>Study the factorization of large integers</summary>
        <keywords>15 32 23 24 54</keywords>
    </project>
    <project>
        <name>PrimeGrid</name>
        <id>30</id>
        <url>http://www.primegrid.com/</url>
        <web_url>http://www.primegrid.com/</web_url>
        <general_area>Mathematics, computing, and games</general_area>
        <specific_area>Mathematics</specific_area>
        <description><![CDATA[Primegrid has multiple projects searching for different forms of very large prime numbers, including searching for the largest known prime number.]]></description>
        <home>Independent</home>
    <platforms>
        <name>i686-pc-linux-gnu</name>
        <name>i686-pc-linux-gnu[cpuGFN17LOW]</name>
        <name>i686-pc-linux-gnu[cpuGFN18]</name>
        <name>i686-pc-linux-gnu[cpuGFN19]</name>
        <name>i686-pc-linux-gnu[cpuGFN20]</name>
        <name>i686-pc-linux-gnu[cpuGFN21]</name>
        <name>i686-pc-linux-gnu[cpuGFN22]</name>
        <name>i686-pc-linux-gnu[cpuPPSsieve]</name>
        <name>i686-pc-linux-gnu[cudaPPSsieve]</name>
        <name>i686-pc-linux-gnu[mt]</name>
        <name>i686-pc-linux-gnu[OCLcudaGFN]</name>
        <name>i686-pc-linux-gnu[OCLcudaGFN15]</name>
        <name>i686-pc-linux-gnu[OCLcudaGFN16]</name>
        <name>i686-pc-linux-gnu[OCLcudaGFN17LOW]</name>
        <name>i686-pc-linux-gnu[OCLcudaGFN17MEGA]</name>
        <name>i686-pc-linux-gnu[OCLcudaGFN18]</name>
        <name>i686-pc-linux-gnu[OCLcudaGFN19]</name>
        <name>i686-pc-linux-gnu[OCLcudaGFN20]</name>
        <name>i686-pc-linux-gnu[OCLcudaGFNEXTREME]</name>
        <name>i686-pc-linux-gnu[OCLcudaGFNWR]</name>
        <name>i686-pc-linux-gnu[openclatiGFN15]</name>
        <name>i686-pc-linux-gnu[openclatiGFN16]</name>
        <name>i686-pc-linux-gnu[openclatiGFN17LOW]</name>
        <name>i686-pc-linux-gnu[openclatiGFN17MEGA]</name>
        <name>i686-pc-linux-gnu[openclatiGFN18]</name>
        <name>i686-pc-linux-gnu[openclatiGFN19]</name>
        <name>i686-pc-linux-gnu[openclatiGFN20]</name>
        <name>i686-pc-linux-gnu[openclatiGFN21]</name>
        <name>i686-pc-linux-gnu[openclatiGFN22]</name>
        <name>i686-pc-linux-gnu[openclatiGFNEXTREME]</name>
        <name>i686-pc-linux-gnu[openclatiPPSsieve]</name>
        <name>windows_intelx86</name>
        <name>windows_intelx86[cpuGFN17LOW]</name>
        <name>windows_intelx86[cpuGFN18]</name>
        <name>windows_intelx86[cpuGFN19]</name>
        <name>windows_intelx86[cpuGFN20]</name>
        <name>windows_intelx86[cpuGFN21]</name>
        <name>windows_intelx86[cpuGFN22]</name>
        <name>windows_intelx86[cpuPPSsieve]</name>
        <name>windows_intelx86[cudaPPSsieve]</name>
        <name>windows_intelx86[mt]</name>
        <name>windows_intelx86[OCLcudaGFN]</name>
        <name>windows_intelx86[OCLcudaGFN15]</name>
        <name>windows_intelx86[OCLcudaGFN16]</name>
        <name>windows_intelx86[OCLcudaGFN17LOW]</name>
        <name>windows_intelx86[OCLcudaGFN17MEGA]</name>
        <name>windows_intelx86[OCLcudaGFN18]</name>
        <name>windows_intelx86[OCLcudaGFN19]</name>
        <name>windows_intelx86[OCLcudaGFN20]</name>
        <name>windows_intelx86[OCLcudaGFNEXTREME]</name>
        <name>windows_intelx86[OCLcudaGFNWR]</name>
        <name>windows_intelx86[openclatiGFN15]</name>
        <name>windows_intelx86[openclatiGFN16]</name>
        <name>windows_intelx86[openclatiGFN17LOW]</name>
        <name>windows_intelx86[openclatiGFN17MEGA]</name>
        <name>windows_intelx86[openclatiGFN18]</name>
        <name>windows_intelx86[openclatiGFN19]</name>
        <name>windows_intelx86[openclatiGFN20]</name>
        <name>windows_intelx86[openclatiGFN21]</name>
        <name>windows_intelx86[openclatiGFN22]</name>
        <name>windows_intelx86[openclatiGFNEXTREME]</name>
        <name>windows_intelx86[openclatiPPSsieve]</name>
        <name>windows_x86_64</name>
        <name>windows_x86_64[cpuGFN17LOW]</name>
        <name>windows_x86_64[cpuGFN18]</name>
        <name>windows_x86_64[cpuGFN19]</name>
        <name>windows_x86_64[cpuGFN20]</name>
        <name>windows_x86_64[cpuGFN21]</name>
        <name>windows_x86_64[cpuGFN22]</name>
        <name>windows_x86_64[cpuPPSsieve]</name>
        <name>windows_x86_64[cpu_AP27]</name>
        <name>windows_x86_64[mt]</name>
        <name>windows_x86_64[OCL_cuda_AP27]</name>
        <name>windows_x86_64[opencl_ati_AP27]</name>
        <name>x86_64-apple-darwin</name>
        <name>x86_64-apple-darwin[cpuGFN17LOW]</name>
        <name>x86_64-apple-darwin[cpuGFN18]</name>
        <name>x86_64-apple-darwin[cpuGFN19]</name>
        <name>x86_64-apple-darwin[cpuGFN20]</name>
        <name>x86_64-apple-darwin[cpuGFN21]</name>
        <name>x86_64-apple-darwin[cpuGFN22]</name>
        <name>x86_64-apple-darwin[cpuPPSsieve]</name>
        <name>x86_64-apple-darwin[cpu_AP27]</name>
        <name>x86_64-apple-darwin[cudaPPSsieve]</name>
        <name>x86_64-apple-darwin[mt]</name>
        <name>x86_64-apple-darwin[OCLcudaGFN]</name>
        <name>x86_64-apple-darwin[OCLcudaGFN15]</name>
        <name>x86_64-apple-darwin[OCLcudaGFN16]</name>
        <name>x86_64-apple-darwin[OCLcudaGFN17LOW]</name>
        <name>x86_64-apple-darwin[OCLcudaGFN17MEGA]</name>
        <name>x86_64-apple-darwin[OCLcudaGFN18]</name>
        <name>x86_64-apple-darwin[OCLcudaGFN19]</name>
        <name>x86_64-apple-darwin[OCLcudaGFN20]</name>
        <name>x86_64-apple-darwin[OCLcudaGFNEXTREME]</name>
        <name>x86_64-apple-darwin[OCLcudaGFNWR]</name>
        <name>x86_64-apple-darwin[OCL_cuda_AP27]</name>
        <name>x86_64-apple-darwin[openclatiGFN15]</name>
        <name>x86_64-apple-darwin[openclatiGFN16]</name>
        <name>x86_64-apple-darwin[openclatiGFN17LOW]</name>
        <name>x86_64-apple-darwin[openclatiGFN17MEGA]</name>
        <name>x86_64-apple-darwin[openclatiGFN18]</name>
        <name>x86_64-apple-darwin[openclatiGFN19]</name>
        <name>x86_64-apple-darwin[openclatiGFN20]</name>
        <name>x86_64-apple-darwin[openclatiGFN21]</name>
        <name>x86_64-apple-darwin[openclatiGFN22]</name>
        <name>x86_64-apple-darwin[openclatiGFNEXTREME]</name>
        <name>x86_64-apple-darwin[openclatiPPSsieve]</name>
        <name>x86_64-apple-darwin[opencl_ati_AP27]</name>
        <name>x86_64-pc-linux-gnu</name>
        <name>x86_64-pc-linux-gnu[cpuGFN17LOW]</name>
        <name>x86_64-pc-linux-gnu[cpuGFN18]</name>
        <name>x86_64-pc-linux-gnu[cpuGFN19]</name>
        <name>x86_64-pc-linux-gnu[cpuGFN20]</name>
        <name>x86_64-pc-linux-gnu[cpuGFN21]</name>
        <name>x86_64-pc-linux-gnu[cpuGFN22]</name>
        <name>x86_64-pc-linux-gnu[cpuPPSsieve]</name>
        <name>x86_64-pc-linux-gnu[cpu_AP27]</name>
        <name>x86_64-pc-linux-gnu[cudaPPSsieve]</name>
        <name>x86_64-pc-linux-gnu[mt]</name>
        <name>x86_64-pc-linux-gnu[OCLcudaGFN]</name>
        <name>x86_64-pc-linux-gnu[OCLcudaGFN15]</name>
        <name>x86_64-pc-linux-gnu[OCLcudaGFN16]</name>
        <name>x86_64-pc-linux-gnu[OCLcudaGFN17LOW]</name>
        <name>x86_64-pc-linux-gnu[OCLcudaGFN17MEGA]</name>
        <name>x86_64-pc-linux-gnu[OCLcudaGFN18]</name>
        <name>x86_64-pc-linux-gnu[OCLcudaGFN19]</name>
        <name>x86_64-pc-linux-gnu[OCLcudaGFN20]</name>
        <name>x86_64-pc-linux-gnu[OCLcudaGFNEXTREME]</name>
        <name>x86_64-pc-linux-gnu[OCLcudaGFNWR]</name>
        <name>x86_64-pc-linux-gnu[OCL_cuda_AP27]</name>
        <name>x86_64-pc-linux-gnu[openclatiGFN15]</name>
        <name>x86_64-pc-linux-gnu[openclatiGFN16]</name>
        <name>x86_64-pc-linux-gnu[openclatiGFN17LOW]</name>
        <name>x86_64-pc-linux-gnu[openclatiGFN17MEGA]</name>
        <name>x86_64-pc-linux-gnu[openclatiGFN18]</name>
        <name>x86_64-pc-linux-gnu[openclatiGFN19]</name>
        <name>x86_64-pc-linux-gnu[openclatiGFN20]</name>
        <name>x86_64-pc-linux-gnu[openclatiGFN21]</name>
        <name>x86_64-pc-linux-gnu[openclatiGFN22]</name>
        <name>x86_64-pc-linux-gnu[openclatiGFNEXTREME]</name>
        <name>x86_64-pc-linux-gnu[openclatiPPSsieve]</name>
        <name>x86_64-pc-linux-gnu[opencl_ati_AP27]</name>
    </platforms>
      <image>https://boinc.berkeley.edu/images/primegrid_logo.png</image>
      <summary>Search for large prime numbers</summary>
        <keywords>15 32 20</keywords>
    </project>
    <project>
        <name>primaboinca</name>
        <id>31</id>
        <url>http://www.primaboinca.com/</url>
        <web_url>http://www.primaboinca.com/</web_url>
        <general_area>Mathematics, computing, and games</general_area>
        <specific_area>Mathematics</specific_area>
        <description><![CDATA[Search for counterexamples to two conjectures related to the identification of prime numbers]]></description>
        <home>Hochschule RheinMain University of Applied Sciences</home>
    <platforms>
        <name>i686-apple-darwin</name>
        <name>i686-pc-linux-gnu</name>
        <name>windows_intelx86</name>
    </platforms>
      <image>https://boinc.berkeley.edu/images/logo_primaboinca.gif</image>
      <summary>Study the properties of prime numbers</summary>
        <keywords>15 32 20 21</keywords>
    </project>
    <project>
        <name>Gerasim@Home</name>
        <id>33</id>
        <url>http://gerasim.boinc.ru/</url>
        <web_url>http://gerasim.boinc.ru/</web_url>
        <general_area>Mathematics, computing, and games</general_area>
        <specific_area>Computer engineering</specific_area>
        <description><![CDATA[Testing and comparison of heuristic methods for getting separations of parallel algorithms working in the CAD system for designing logic control systems]]></description>
        <home>Southwest State University (Russia)</home>
    <platforms>
        <name>windows_intelx86</name>
        <name>windows_x86_64</name>
        <name>i686-pc-linux-gnu</name>
        <name>x86_64-pc-linux-gnu</name>
    </platforms>
      <image>https://boinc.berkeley.edu/images/gerasim.gif</image>
        <keywords>15 20 44</keywords>
    </project>
    <project>
        <name>SRBase</name>
        <id>34</id>
        <url>http://srbase.my-firewall.org/sr5/</url>
        <web_url>http://srbase.my-firewall.org/sr5/</web_url>
        <general_area>Mathematics, computing, and games</general_area>
        <specific_area>Mathematics</specific_area>
        <description><![CDATA[SRBase is a mathematical research project that uses Internet-connected computers trying to solve Sierpinski / Riesel Bases up to 1030.]]></description>
        <home>Independent</home>
    <platforms>
        <name>i686-pc-linux-gnu</name>
        <name>windows_intelx86</name>
        <name>windows_x86_64</name>
        <name>windows_x86_64[cuda100]</name>
        <name>windows_x86_64[opencl_ati_101]</name>
        <name>x86_64-apple-darwin</name>
        <name>x86_64-pc-linux-gnu</name>
        <name>x86_64-pc-linux-gnu[cuda100]</name>
    </platforms>
        <keywords>15 32</keywords>
    </project>
    <project>
        <name>RakeSearch</name>
        <id>42</id>
        <url>https://rake.boincfast.ru/rakesearch/</url>
        <web_url>https://rake.boincfast.ru/rakesearch/</web_url>
        <general_area>Mathematics, computing, and games</general_area>
        <specific_area>Mathematics</specific_area>
        <description><![CDATA[The enormous size of the diagonal Latin squares space makes it unfeasible to enumerate all its objects straightforwardly in reasonable time. So, in order to discover the structure of this space, sophisticated search methods are needed. In RakeSearch project, we implement an application that picks up separate pairs of mutually orthogonal DLSs, which allows to reconstruct full graphs of their orthogonality.]]></description>
        <home>Karelian Research Center, Russian Academy of Sciences</home>
    <platforms>
        <name>arm-unknown-linux-gnueabihf</name>
        <name>e2k-linux-gnu</name>
        <name>i686-pc-linux-gnu</name>
        <name>windows_intelx86</name>
        <name>windows_x86_64</name>
        <name>x86_64-pc-linux-gnu</name>
    </platforms>
      <summary>Study Latin Squares</summary>
        <keywords>15 20 44</keywords>
    </project>
    <project>
        <name>Climateprediction.net</name>
        <id>8</id>
        <url>https://climateprediction.net/</url>
        <web_url>https://www.cpdn.org/</web_url>
        <general_area>Earth Sciences</general_area>
        <specific_area>Climate study</specific_area>
        <description><![CDATA[Investigate the approximations that have to be made in state-of-the-art climate models. By running the model thousands of times we hope to find out how the model responds to slight tweaks to these approximations - slight enough to not make the approximations any less realistic. This will allow us to improve our understanding of how sensitive our models are to small changes and also to things like changes in carbon dioxide and the sulphur cycle. This will allow us to explore how climate may change in the next century under a wide range of different scenarios.]]></description>
        <home>Oxford University</home>
    <platforms>
        <name>i686-apple-darwin</name>
        <name>i686-pc-linux-gnu</name>
        <name>windows_intelx86</name>
        <name>x86_64-pc-linux-gnu</name>
    </platforms>
      <image>https://boinc.berkeley.edu/images/cpn_logo_world_1.jpg</image>
      <summary>Study long-term climate change</summary>
        <keywords>29 35 20 48 49</keywords>
    </project>
    <project>
        <name>Citizen Science Grid</name>
        <id>19</id>
        <url>https://csgrid.org/csg/</url>
        <web_url>https://csgrid.org/csg/</web_url>
        <general_area>Multiple applications</general_area>
        <specific_area>Molecular biology, Computer Science</specific_area>
        <description><![CDATA[The Citizen Science Grid is dedicated to supporting a wide range of research and educational projects using volunteer computing and citizen science.]]></description>
        <home>University of North Dakota</home>
    <platforms>
        <name>i686-pc-linux-gnu</name>
        <name>windows_intelx86</name>
        <name>windows_x86_64</name>
        <name>x86_64-apple-darwin</name>
        <name>x86_64-pc-linux-gnu</name>
    </platforms>
      <summary>Support science from the University of North Dakota</summary>
        <keywords>9 15 23 24 60</keywords>
    </project>
    <project>
        <name>CAS@home</name>
        <id>20</id>
        <url>http://casathome.ihep.ac.cn/</url>
        <web_url>http://casathome.ihep.ac.cn/</web_url>
        <general_area>Multiple applications</general_area>
        <specific_area>Physics, biochemistry, and others</specific_area>
        <description><![CDATA[CAS@home is hosted by the Computing Centre of the Institute of High Energy Physics (IHEP), Chinese Academy of Sciences, for Chinese scientists with projects studying protein structure, nanotechnology, cancer genomics, and high energy physics.]]></description>
        <home>Chinese Academy of Sciences</home>
    <platforms>
        <name>i686-pc-linux-gnu</name>
        <name>windows_intelx86</name>
        <name>x86_64-pc-linux-gnu</name>
    </platforms>
      <image>https://boinc.berkeley.edu/images/cas_at_home.jpg</image>
      <summary>Help Chinese researchers</summary>
        <keywords>6 9 22 50</keywords>
    </project>
    <project>
        <name>Yoyo@home</name>
        <id>21</id>
        <url>http://www.rechenkraft.net/yoyo/</url>
        <web_url>http://www.rechenkraft.net/yoyo/</web_url>
        <general_area>Multiple applications</general_area>
        <specific_area>Mathematics</specific_area>
        <description><![CDATA[Yoyo@home is an adapter between BOINC and several existing volunteer computing projects.]]></description>
        <home>Independent</home>
    <platforms>
        <name>aarch64-unknown-linux-gnu</name>
        <name>arm-android-linux-gnu</name>
        <name>arm-linux-gnu</name>
        <name>arm-unknown-linux-gnueabi</name>
        <name>arm-unknown-linux-gnueabihf</name>
        <name>i686-apple-darwin</name>
        <name>i686-pc-linux-gnu</name>
        <name>powerpc-apple-darwin</name>
        <name>powerpc64-ps3-linux-gnu</name>
        <name>sparc-sun-solaris</name>
        <name>windows_intelx86</name>
        <name>windows_x86_64</name>
        <name>x86_64-apple-darwin</name>
        <name>x86_64-pc-linux-gnu</name>
    </platforms>
      <summary>Do research in math</summary>
        <keywords>15 20 21</keywords>
    </project>
    <project>
        <name>World Community Grid</name>
        <id>22</id>
        <url>http://www.worldcommunitygrid.org/</url>
        <web_url>http://www.worldcommunitygrid.org/</web_url>
        <general_area>Multiple applications</general_area>
        <specific_area>Medical, environmental and other humanitarian research</specific_area>
        <description><![CDATA[To further critical non-profit research on some of humanity's most pressing problems by creating the world's largest volunteer computing grid.  Research includes HIV-AIDS, cancer, tropical and neglected diseases, solar energy, clean water and many more.]]></description>
        <home>IBM Corporate Citizenship</home>
    <platforms>
        <name>i686-pc-linux-gnu</name>
        <name>x86_64-pc-linux-gnu</name>
        <name>windows_intelx86</name>
        <name>windows_x86_64</name>
        <name>x86_64-apple-darwin</name>
        <name>arm-android-linux-gnu</name>
    </platforms>
      <image>https://boinc.berkeley.edu/images/wcg.jpg</image>
      <summary>Do biomedical and environmental research</summary>
        <keywords>9 29 23 24</keywords>
    </project>
    <project>
        <name>BOINC@TACC</name>
        <id>44</id>
        <url>https://boinc.tacc.utexas.edu/</url>
        <web_url>https://boinc.tacc.utexas.edu/</web_url>
        <general_area>Multiple applications</general_area>
        <specific_area>Multiple scientific areas</specific_area>
        <description><![CDATA[BOINC@TACC provides computing power to U.S. researchers in a multiplet scientific areas.]]></description>
        <home>Texas Advanced Computing Center</home>
    <platforms>
        <name>windows_x86_64[vbox64_mt]</name>
        <name>x86_64-apple-darwin[vbox64_mt]</name>
        <name>x86_64-pc-linux-gnu[vbox64_mt]</name>
    </platforms>
        <keywords>23 24</keywords>
    </project>
    <project>
        <name>MindModeling@Home</name>
        <id>3</id>
        <url>https://mindmodeling.org/</url>
        <web_url>https://mindmodeling.org/</web_url>
        <general_area>Cognitive science and artificial intelligence</general_area>
        <specific_area>Cognitive Science</specific_area>
        <description><![CDATA[MindModeling@Home uses computational cognitive process modeling to better understand the human mind, and specifically to study the mechanisms and processes that enable and moderate human performance and learning.]]></description>
        <home>University of Dayton and Wright State University</home>
    <platforms>
        <name>windows_intelx86[sse2]</name>
        <name>x86_64-pc-linux-gnu[sse2]</name>
        <name>x86_64-apple-darwin[sse2]</name>
        <name>windows_intelx86[sse2NoXP]</name>
        <name>windows_intelx86[mt]</name>
        <name>x86_64-pc-linux-gnu[mt]</name>
        <name>x86_64-apple-darwin[mt]</name>
        <name>windows_intelx86[mtNoXP]</name>
    </platforms>
      <image>https://boinc.berkeley.edu/images/mmlogo.gif</image>
      <summary>Model the human brain</summary>
        <keywords>16 23 24 51</keywords>
    </project>
    <project>
        <name>Radioactive@Home</name>
        <id>2</id>
        <url>http://radioactiveathome.org/boinc/</url>
        <web_url>http://radioactiveathome.org/boinc/</web_url>
        <general_area>Distributed sensing</general_area>
        <specific_area>Environmental research</specific_area>
        <description><![CDATA[Radioactive@Home is creating a free and continuously updated map of radiation levels using sensors connected to volunteers' computers.  You must buy a sensor to participate.]]></description>
        <home>BOINC Poland Foundation</home>
    <platforms>
        <name>windows_intelx86</name>
        <name>i686-pc-linux-gnu[nci]</name>
        <name>arm-unknown-linux-gnueabi</name>
        <name>armv6l-unknown-linux-gnueabihf</name>
        <name>arm-unknown-linux-gnueabihf</name>
        <name>mipsel-unknown-linux-gnu</name>
        <name>armv7l-unknown-linux-gnueabihf</name>
    </platforms>
      <image>https://boinc.berkeley.edu/images/radioactive.jpg</image>
      <summary>Monitor radiation levels</summary>
        <keywords>34 20 43</keywords>
    </project>
   <account_manager>
        <name>BAM!</name>
        <id>35</id>
        <url>https://bam.boincstats.com/</url>
        <description>BAM! lets you create and manage BOINC project accounts, set preferences, join or create teams, connect your computers to projects, and much more.</description>
        <image>https://boinc.berkeley.edu/images/BAM.png</image>
    </account_manager>
   <account_manager>
        <name>Gridrepublic</name>
        <id>36</id>
        <url>http://www.gridrepublic.org/</url>
        <description>Gridrepublic lets you connect your computer to multiple projects, set preferences, and view your credit history.</description>
        <image>https://boinc.berkeley.edu/images/logo_gridrepublic_vc.gif</image>
    </account_manager>
   <account_manager>
        <name>Science United</name>
        <id>101</id>
        <url>https://scienceunited.org/</url>
        <description>Science United is a simple and friendly interface to BOINC.  You sign up for science areas instead of projects.</description>
        <image>https://boinc.berkeley.edu/images/</image>
    </account_manager>
   <account_manager>
        <name>GRCPool</name>
        <id>45</id>
        <url>https://grcpool.com</url>
        <description>GRCPool.com is a cryptocurrency mining pool which rewards work performed using BOINC.</description>
        <image>https://boinc.berkeley.edu/images/</image>
    </account_manager>
</projects>
